,Angela,Captain America,Deadpool Vanguard,Devil Dinosaur,Doctor Strange,Emma Frost,Groot,Hulk,Magneto,Peni Parker,Rogue,The Hood,The Thing,Thor,Venom,Black Cat,Black Panther,Black Widow,Blade,Cyclops,Daredevil,Deadpool Duelist,Elsa Bloodstone,Gorr The God Butcher,Hawkeye,Hela,Human Torch,Iron Fist,Iron Man,Magik,Mister Fantastic,Moon Knight,Namor,Phoenix,Psylocke,Scarlet Witch,Spider Man,Squirrel Girl,Star Lord,Storm,The Punisher,Winter Soldier,Wolverine,Adam Warlock,Cloak & Dagger,Deadpool Strategist,Gambit,Invisible Woman,Jeff The Land Shark,Jubilee,Loki,Luna Snow,Mantis,Rocket Raccoon,Ultron,White Fox
Angela,-0.0,-0.52,0.45,-0.31,0.05,0.63,-0.64,-0.39,0.43,-1.0,-0.07,0.25,0.94,0.19,0.19,0.07,0.63,0.65,0.6,0.96,-0.45,0.57,0.57,-0.33,0.54,0.02,-0.88,0.33,-0.55,-0.55,0.56,0.33,0.86,0.94,-0.03,-0.03,0.1,0.97,0.34,-0.76,0.74,0.74,0.4,0.19,0.59,0.77,0.16,0.71,0.42,0.25,-0.23,0.67,-0.67,-0.43,-0.91,0.59
Captain America,0.53,-0.0,0.88,-0.43,0.52,0.78,0.34,0.47,0.76,-0.98,0.32,0.49,0.96,0.58,0.68,0.85,0.8,0.75,0.91,0.95,0.31,0.87,0.7,-0.01,0.5,0.19,0.67,0.56,0.49,0.11,0.8,0.86,0.96,0.98,0.35,0.53,0.63,0.98,0.69,-0.04,0.83,0.92,0.8,0.53,0.86,0.85,0.61,0.75,0.74,0.56,-0.1,0.9,-0.14,0.1,-0.32,0.89
Deadpool Vanguard,-0.45,-0.88,-0.0,-0.93,-0.52,-0.28,-0.74,-0.85,0.0,-1.0,-0.8,-0.32,0.39,-0.75,-0.3,0.07,-0.12,0.28,-0.3,0.8,-0.52,-0.16,-0.34,-0.75,0.04,-0.56,-0.85,-0.55,-0.51,-0.89,-0.53,0.24,0.3,0.63,-0.78,-0.68,-0.36,0.94,-0.57,-0.87,0.12,0.13,-0.34,-0.57,0.21,-0.15,-0.48,-0.2,-0.06,-0.51,-0.83,0.14,-0.94,-0.83,-0.83,0.03
Devil Dinosaur,0.31,0.43,0.93,-0.0,0.76,0.94,0.87,0.12,0.91,-0.96,0.35,0.9,0.92,0.52,0.65,0.57,0.91,0.97,0.82,0.99,0.0,0.88,0.75,0.47,0.96,0.74,0.65,0.52,0.8,-0.33,0.8,0.98,0.95,0.99,0.64,0.52,0.68,0.99,0.89,0.25,0.98,0.93,0.53,0.81,0.96,0.94,0.83,0.85,0.83,0.72,0.39,0.95,0.08,0.41,-0.04,0.92
Doctor Strange,-0.05,-0.52,0.52,-0.76,-0.0,0.38,0.03,-0.45,0.42,-0.99,-0.2,0.08,0.66,-0.18,0.03,0.02,0.62,0.49,0.39,0.92,-0.32,0.46,0.1,-0.41,0.38,-0.37,-0.32,-0.03,-0.1,-0.62,0.24,0.56,0.68,0.9,-0.24,-0.14,0.14,0.97,0.1,-0.63,0.53,0.55,0.61,0.15,0.66,0.68,0.2,0.19,0.17,0.28,-0.44,0.51,-0.72,-0.59,-0.74,0.54
Emma Frost,-0.63,-0.78,0.28,-0.94,-0.38,-0.0,-0.5,-0.81,0.14,-0.99,-0.77,-0.16,0.06,-0.72,-0.59,-0.38,0.07,0.29,0.04,0.81,-0.78,-0.01,-0.23,-0.69,0.25,-0.42,-0.7,-0.72,-0.22,-0.9,-0.44,0.36,0.5,0.88,-0.6,-0.54,-0.41,0.95,-0.27,-0.86,0.28,0.38,-0.56,-0.22,0.39,0.41,-0.25,-0.12,-0.16,-0.22,-0.74,0.2,-0.89,-0.76,-0.83,0.07
Groot,0.64,-0.34,0.74,-0.87,-0.03,0.5,-0.0,-0.19,0.63,-1.0,-0.41,0.45,0.1,0.04,0.61,0.41,0.8,0.78,0.58,0.9,-0.36,0.66,-0.05,-0.54,0.27,-0.12,-0.5,-0.02,0.52,-0.7,-0.18,0.88,0.71,0.93,-0.04,-0.48,0.43,0.99,0.3,-0.7,0.98,0.63,0.89,0.14,0.71,0.79,0.15,0.44,0.63,0.21,-0.49,0.7,-0.62,-0.24,-0.62,0.58
Hulk,0.39,-0.47,0.85,-0.12,0.45,0.81,0.19,-0.0,0.67,-0.97,0.3,0.45,0.95,0.32,0.51,0.47,0.79,0.81,0.82,0.97,-0.01,0.82,0.62,0.09,0.88,0.16,-0.08,0.51,0.33,-0.18,0.47,0.81,0.91,0.98,0.09,0.33,0.54,0.99,0.5,-0.12,0.9,0.86,0.9,0.45,0.85,0.8,0.56,0.74,0.71,0.61,-0.0,0.8,-0.61,0.1,-0.41,0.84
Magneto,-0.43,-0.76,-0.0,-0.91,-0.42,-0.14,-0.63,-0.67,-0.0,-1.0,-0.62,-0.35,0.22,-0.59,-0.25,-0.31,0.33,0.14,0.02,0.74,-0.66,0.19,-0.34,-0.77,0.1,-0.57,-0.74,-0.56,-0.53,-0.85,-0.39,0.42,0.52,0.77,-0.6,-0.58,-0.23,0.92,-0.53,-0.86,-0.1,0.22,-0.1,-0.41,0.27,0.31,-0.15,-0.12,-0.12,-0.18,-0.79,0.2,-0.9,-0.81,-0.92,0.2
Peni Parker,1.0,0.98,1.0,0.96,0.99,0.99,1.0,0.97,1.0,-0.0,0.98,0.99,0.99,0.98,0.99,0.99,0.99,1.0,0.99,1.0,0.98,0.99,0.99,0.98,1.0,0.98,1.0,0.98,1.0,0.85,0.99,1.0,1.0,1.0,0.99,0.98,0.99,1.0,0.99,0.98,1.0,1.0,0.99,0.99,1.0,1.0,0.99,0.99,1.0,0.99,0.98,1.0,0.98,0.97,0.97,0.99
Rogue,0.07,-0.32,0.8,-0.35,0.2,0.77,0.41,-0.3,0.62,-0.98,-0.0,0.52,0.87,-0.14,0.34,0.42,0.73,0.87,0.67,0.97,0.02,0.72,0.5,-0.11,0.7,0.14,-0.02,0.17,0.64,-0.36,0.36,0.87,0.83,0.96,-0.12,-0.01,0.41,0.98,0.42,-0.61,0.84,0.85,0.67,0.49,0.75,0.76,0.67,0.58,0.63,0.53,-0.17,0.7,-0.64,-0.24,-0.5,0.76
The Hood,-0.25,-0.49,0.32,-0.9,-0.08,0.16,-0.45,-0.45,0.35,-0.99,-0.52,-0.0,0.3,-0.51,-0.01,0.03,0.56,0.43,0.27,0.92,-0.5,0.45,-0.13,-0.65,0.69,-0.44,-0.61,-0.39,-0.11,-0.74,-0.08,0.59,0.66,0.9,-0.5,-0.53,-0.03,0.97,0.04,-0.74,0.47,0.44,-0.05,-0.05,0.49,0.54,0.1,0.1,0.06,0.06,-0.65,0.44,-0.82,-0.69,-0.73,0.48
The Thing,-0.94,-0.96,-0.39,-0.92,-0.66,-0.06,-0.1,-0.95,-0.22,-0.99,-0.87,-0.3,-0.0,-0.84,-0.85,-0.9,-0.92,0.44,-0.22,0.83,-0.96,-0.45,-0.18,-0.92,0.6,-0.64,-0.34,-0.76,-0.36,-0.96,-0.39,0.61,0.39,0.92,-0.87,-0.74,-0.73,0.97,-0.24,-0.71,0.73,0.25,-0.71,-0.57,0.05,0.15,-0.41,-0.39,-0.5,-0.35,-0.87,-0.31,-0.93,-0.87,-0.92,-0.13
Thor,-0.19,-0.58,0.75,-0.52,0.18,0.72,-0.04,-0.32,0.59,-0.98,0.14,0.51,0.84,-0.0,0.18,0.34,0.64,0.78,0.59,0.94,-0.29,0.54,0.37,-0.23,0.8,0.16,0.08,0.04,0.58,-0.41,0.29,0.78,0.83,0.97,0.09,0.12,0.28,0.99,0.42,-0.37,0.9,0.76,0.64,0.45,0.73,0.76,0.34,0.48,0.62,0.52,-0.23,0.71,-0.63,-0.21,-0.57,0.71
Venom,-0.19,-0.68,0.3,-0.65,-0.03,0.59,-0.61,-0.51,0.25,-0.99,-0.34,0.01,0.85,-0.18,-0.0,0.03,0.62,0.31,0.48,0.82,-0.44,0.37,0.27,-0.39,-0.13,-0.39,-0.36,0.18,-0.1,-0.62,0.37,0.2,0.84,0.87,-0.39,-0.16,0.17,0.97,-0.01,-0.67,0.7,0.69,0.85,-0.32,0.51,0.63,0.12,0.4,0.21,0.11,-0.46,0.61,-0.75,-0.62,-0.66,0.74
Black Cat,-0.07,-0.85,-0.07,-0.57,-0.02,0.38,-0.41,-0.47,0.31,-0.99,-0.42,-0.03,0.9,-0.34,-0.03,-0.0,0.32,0.34,0.41,0.83,-0.3,0.66,0.72,-0.77,0.61,-0.55,0.02,-0.18,0.47,-0.74,0.59,0.76,0.95,0.82,-0.54,-0.03,-0.0,0.98,0.31,0.11,0.54,0.75,-0.07,0.14,0.56,0.83,0.03,0.27,0.3,0.16,-0.51,0.46,-0.92,-0.6,-0.7,0.61
Black Panther,-0.63,-0.8,0.12,-0.91,-0.62,-0.07,-0.8,-0.79,-0.33,-0.99,-0.73,-0.56,0.92,-0.64,-0.62,-0.32,-0.0,-0.28,0.08,0.68,-0.76,-0.05,-0.33,-0.88,-0.01,-0.85,0.08,-0.31,0.28,-0.89,0.41,0.28,0.87,0.41,-0.78,-0.28,-0.37,0.96,-0.56,-0.87,-0.15,0.17,-0.63,-0.45,0.31,0.29,-0.39,-0.34,-0.47,-0.41,-0.84,-0.18,-0.97,-0.76,-0.01,0.52
Black Widow,-0.65,-0.75,-0.28,-0.97,-0.49,-0.29,-0.78,-0.81,-0.14,-1.0,-0.87,-0.43,-0.44,-0.78,-0.31,-0.34,0.28,-0.0,0.14,0.76,-0.75,0.26,-0.67,-0.86,-0.07,-0.71,-0.94,-0.68,-0.88,-0.88,-0.63,0.37,0.06,0.61,-0.84,-0.71,-0.44,0.92,-0.51,-0.95,0.16,-0.11,-0.6,-0.65,0.19,0.21,-0.33,-0.42,-0.23,-0.34,-0.87,-0.07,-0.92,-0.81,-0.94,-0.24
Blade,-0.6,-0.91,0.3,-0.82,-0.39,-0.04,-0.58,-0.82,-0.02,-0.99,-0.67,-0.27,0.22,-0.59,-0.48,-0.41,-0.08,-0.14,-0.0,0.75,-0.86,0.26,-0.31,-0.79,-0.1,-0.68,-0.26,-0.71,0.3,-0.83,-0.06,0.44,0.38,0.87,-0.69,-0.72,-0.12,0.95,-0.12,-0.63,0.35,0.2,-0.14,-0.32,0.37,0.29,-0.38,-0.07,-0.23,-0.17,-0.89,0.17,-0.87,-0.78,-0.85,-0.05
Cyclops,-0.96,-0.95,-0.8,-0.99,-0.92,-0.81,-0.9,-0.97,-0.74,-1.0,-0.97,-0.92,-0.83,-0.94,-0.82,-0.83,-0.68,-0.76,-0.75,-0.0,-0.95,-0.63,-0.91,-0.98,-0.5,-0.96,-0.98,-0.95,-0.96,-0.98,-0.93,-0.53,-0.75,0.15,-0.93,-0.97,-0.92,0.59,-0.91,-0.99,-0.63,-0.78,-0.94,-0.92,-0.69,-0.62,-0.81,-0.86,-0.71,-0.87,-0.98,-0.68,-0.99,-0.98,-0.99,-0.72
Daredevil,0.45,-0.31,0.52,-0.0,0.32,0.78,0.36,0.01,0.66,-0.98,-0.02,0.5,0.96,0.29,0.44,0.3,0.76,0.75,0.86,0.95,-0.0,0.71,0.63,-0.29,0.52,-0.02,0.59,0.35,0.83,-0.13,0.8,0.8,0.97,0.94,-0.35,0.29,0.57,0.99,0.5,0.2,0.87,0.94,0.53,0.44,0.8,0.84,0.42,0.66,0.57,0.62,-0.13,0.81,-0.54,0.01,0.16,0.89
Deadpool Duelist,-0.57,-0.87,0.16,-0.88,-0.46,0.01,-0.66,-0.82,-0.19,-0.99,-0.72,-0.45,0.45,-0.54,-0.37,-0.66,0.05,-0.26,-0.26,0.63,-0.71,-0.0,-0.57,-0.78,-0.14,-0.77,-0.69,-0.74,-0.39,-0.84,-0.37,0.12,0.57,0.83,-0.7,-0.56,-0.44,0.93,-0.38,-0.87,0.27,0.18,-0.16,-0.17,0.2,-0.12,-0.31,-0.22,-0.28,-0.24,-0.84,-0.05,-0.89,-0.86,-0.81,0.34
Elsa Bloodstone,-0.57,-0.7,0.34,-0.75,-0.1,0.23,0.05,-0.62,0.34,-0.99,-0.5,0.13,0.18,-0.37,-0.27,-0.72,0.33,0.67,0.31,0.91,-0.63,0.57,-0.0,-0.63,0.72,-0.21,-0.19,-0.44,0.2,-0.84,-0.33,0.78,0.46,0.95,-0.39,-0.43,-0.06,0.98,-0.1,-0.73,0.71,0.6,0.05,0.03,0.54,0.61,0.15,0.21,0.26,-0.0,-0.5,0.5,-0.77,-0.56,-0.73,0.39
Gorr The God Butcher,0.33,0.01,0.75,-0.47,0.41,0.69,0.54,-0.09,0.77,-0.98,0.11,0.65,0.92,0.23,0.39,0.77,0.88,0.86,0.79,0.98,0.29,0.78,0.63,-0.0,0.88,-0.03,0.52,0.55,0.81,0.03,0.7,0.95,0.94,0.98,0.21,0.05,0.66,0.99,0.69,0.09,0.88,0.9,0.71,0.48,0.86,0.8,0.54,0.69,0.57,0.63,0.07,0.74,-0.35,-0.01,-0.34,0.76
Hawkeye,-0.54,-0.5,-0.04,-0.96,-0.38,-0.25,-0.27,-0.88,-0.1,-1.0,-0.7,-0.69,-0.6,-0.8,0.13,-0.61,0.01,0.07,0.1,0.5,-0.52,0.14,-0.72,-0.88,-0.0,-0.83,-0.96,-0.54,-0.8,-0.8,-0.58,0.32,-0.25,0.82,-0.54,-0.72,-0.46,0.96,-0.37,-0.95,-0.2,-0.15,-0.78,-0.57,0.24,0.45,-0.3,-0.3,-0.21,-0.18,-0.8,-0.2,-0.95,-0.89,-0.97,-0.2
Hela,-0.02,-0.19,0.56,-0.74,0.37,0.42,0.12,-0.16,0.57,-0.98,-0.14,0.44,0.64,-0.16,0.39,0.55,0.85,0.71,0.68,0.96,0.02,0.77,0.21,0.03,0.83,-0.0,-0.62,0.07,-0.6,-0.49,-0.12,0.78,0.74,0.97,-0.12,0.23,0.26,0.99,0.25,-0.71,0.76,0.77,0.23,0.28,0.77,0.81,0.47,0.4,0.48,0.49,-0.2,0.67,-0.75,-0.3,-0.67,0.68
Human Torch,0.88,-0.67,0.85,-0.65,0.32,0.7,0.5,0.08,0.74,-1.0,0.02,0.61,0.34,-0.08,0.36,-0.02,-0.08,0.94,0.26,0.98,-0.59,0.69,0.19,-0.52,0.96,0.62,-0.0,0.54,0.67,-0.74,0.16,0.79,0.93,0.98,-0.35,0.24,0.62,0.97,0.66,-0.07,0.95,0.6,0.13,0.66,0.77,0.87,0.5,0.46,0.72,0.65,-0.61,0.82,-0.61,-0.26,-0.29,0.81
Iron Fist,-0.33,-0.56,0.55,-0.52,0.03,0.72,0.02,-0.51,0.56,-0.98,-0.17,0.39,0.76,-0.04,-0.18,0.18,0.31,0.68,0.71,0.95,-0.35,0.74,0.44,-0.55,0.54,-0.07,-0.54,-0.0,0.17,-0.45,0.48,0.65,0.93,0.96,-0.03,-0.1,0.23,0.99,0.4,-0.35,0.82,0.88,0.45,0.37,0.69,0.7,0.26,0.53,0.4,0.22,-0.51,0.59,-0.45,-0.23,-0.57,0.74
Iron Man,0.55,-0.49,0.51,-0.8,0.1,0.22,-0.52,-0.33,0.53,-1.0,-0.64,0.11,0.36,-0.58,0.1,-0.47,-0.28,0.88,-0.3,0.96,-0.83,0.39,-0.2,-0.81,0.8,0.6,-0.67,-0.17,-0.0,-0.88,-0.56,0.22,0.68,0.98,-0.53,-0.17,0.64,0.86,0.37,-0.67,0.91,0.34,-0.76,0.21,0.61,0.76,0.15,0.19,0.32,0.18,-0.54,0.66,-0.83,-0.64,-0.7,0.48
Magik,0.55,-0.11,0.89,0.33,0.62,0.9,0.7,0.18,0.85,-0.85,0.36,0.74,0.96,0.41,0.62,0.74,0.89,0.88,0.83,0.98,0.13,0.84,0.84,-0.03,0.8,0.49,0.74,0.45,0.88,-0.0,0.91,0.96,0.98,0.99,0.48,0.52,0.73,0.99,0.7,0.54,0.92,0.95,0.87,0.52,0.93,0.93,0.73,0.84,0.79,0.83,0.31,0.91,-0.11,0.18,-0.2,0.92
Mister Fantastic,-0.56,-0.8,0.53,-0.8,-0.24,0.44,0.18,-0.47,0.39,-0.99,-0.36,0.08,0.39,-0.29,-0.37,-0.59,-0.41,0.63,0.06,0.93,-0.8,0.37,0.33,-0.7,0.58,0.12,-0.16,-0.48,0.56,-0.91,-0.0,0.73,0.74,0.97,-0.52,-0.44,-0.4,0.94,0.3,-0.74,0.81,0.7,0.27,0.03,0.46,0.35,0.12,0.37,0.34,0.17,-0.32,0.5,-0.8,-0.64,-0.74,0.24
Moon Knight,-0.33,-0.86,-0.24,-0.98,-0.56,-0.36,-0.88,-0.81,-0.42,-1.0,-0.87,-0.59,-0.61,-0.78,-0.2,-0.76,-0.28,-0.37,-0.44,0.53,-0.8,-0.12,-0.78,-0.95,-0.32,-0.78,-0.79,-0.65,-0.22,-0.96,-0.73,-0.0,-0.43,0.55,-0.84,-0.89,-0.5,0.9,-0.58,-0.89,-0.17,-0.55,-0.66,-0.75,-0.01,-0.1,-0.48,-0.53,-0.56,-0.49,-0.98,-0.18,-0.96,-0.94,-0.96,-0.24
Namor,-0.86,-0.96,-0.3,-0.95,-0.68,-0.5,-0.71,-0.91,-0.52,-1.0,-0.83,-0.66,-0.39,-0.83,-0.84,-0.95,-0.87,-0.06,-0.38,0.75,-0.97,-0.57,-0.46,-0.94,0.25,-0.74,-0.93,-0.93,-0.68,-0.98,-0.74,0.43,-0.0,0.79,-0.9,-0.75,-0.95,0.92,-0.66,-0.85,0.28,-0.05,-0.63,-0.78,-0.24,-0.23,-0.53,-0.55,-0.56,-0.58,-0.89,-0.36,-0.97,-0.93,-0.96,-0.5
Phoenix,-0.94,-0.98,-0.63,-0.99,-0.9,-0.88,-0.93,-0.98,-0.77,-1.0,-0.96,-0.9,-0.92,-0.97,-0.87,-0.82,-0.41,-0.61,-0.87,-0.15,-0.94,-0.83,-0.95,-0.98,-0.82,-0.97,-0.98,-0.96,-0.98,-0.99,-0.97,-0.55,-0.79,-0.0,-0.97,-0.97,-0.92,0.56,-0.93,-1.0,-0.64,-0.86,-0.92,-0.92,-0.72,-0.63,-0.85,-0.88,-0.91,-0.89,-0.96,-0.72,-0.98,-0.99,-0.99,-0.79
Psylocke,0.03,-0.35,0.78,-0.64,0.24,0.6,0.04,-0.09,0.6,-0.99,0.12,0.5,0.87,-0.09,0.39,0.54,0.78,0.84,0.69,0.93,0.35,0.7,0.39,-0.21,0.54,0.12,0.35,0.03,0.53,-0.48,0.52,0.84,0.9,0.97,-0.0,0.06,0.53,0.98,0.36,-0.46,0.84,0.81,0.41,0.5,0.78,0.79,0.41,0.51,0.54,0.42,-0.29,0.69,-0.61,-0.16,-0.19,0.7
Scarlet Witch,0.03,-0.53,0.68,-0.52,0.14,0.54,0.48,-0.33,0.58,-0.98,0.01,0.53,0.74,-0.12,0.16,0.03,0.28,0.71,0.72,0.97,-0.29,0.56,0.43,-0.05,0.72,-0.23,-0.24,0.1,0.17,-0.52,0.44,0.89,0.75,0.97,-0.06,-0.0,-0.17,0.98,0.41,-0.62,0.81,0.81,0.61,0.26,0.78,0.87,0.45,0.38,0.51,0.5,-0.23,0.7,-0.43,-0.52,-0.6,0.68
Spider Man,-0.1,-0.63,0.36,-0.68,-0.14,0.41,-0.43,-0.54,0.23,-0.99,-0.41,0.03,0.73,-0.28,-0.17,0.0,0.37,0.44,0.12,0.92,-0.57,0.44,0.06,-0.66,0.46,-0.26,-0.62,-0.23,-0.64,-0.73,0.4,0.5,0.95,0.92,-0.53,0.17,-0.0,0.95,-0.03,-0.72,0.57,0.65,0.02,-0.07,0.52,0.39,-0.1,0.36,0.12,-0.04,-0.62,0.4,-0.85,-0.53,-0.81,0.61
Squirrel Girl,-0.97,-0.98,-0.94,-0.99,-0.97,-0.95,-0.99,-0.99,-0.92,-1.0,-0.98,-0.97,-0.97,-0.99,-0.97,-0.98,-0.96,-0.92,-0.95,-0.59,-0.99,-0.93,-0.98,-0.99,-0.96,-0.99,-0.97,-0.99,-0.86,-0.99,-0.94,-0.9,-0.92,-0.56,-0.98,-0.98,-0.95,-0.0,-0.98,-0.99,-0.95,-0.96,-0.98,-0.97,-0.88,-0.79,-0.95,-0.96,-0.94,-0.96,-0.99,-0.93,-0.99,-0.99,-0.99,-0.92
Star Lord,-0.34,-0.69,0.57,-0.89,-0.1,0.27,-0.3,-0.5,0.53,-0.99,-0.42,-0.04,0.24,-0.42,0.01,-0.31,0.56,0.51,0.12,0.91,-0.5,0.38,0.1,-0.69,0.37,-0.25,-0.66,-0.4,-0.37,-0.7,-0.3,0.58,0.66,0.93,-0.36,-0.41,0.03,0.98,-0.0,-0.74,0.63,0.52,-0.15,-0.55,0.46,0.57,0.02,0.3,0.19,-0.07,-0.35,0.27,-0.72,-0.51,-0.8,0.35
Storm,0.76,0.04,0.87,-0.25,0.63,0.86,0.7,0.12,0.86,-0.98,0.61,0.74,0.71,0.37,0.67,-0.11,0.87,0.95,0.63,0.99,-0.2,0.87,0.73,-0.09,0.95,0.71,0.07,0.35,0.67,-0.54,0.74,0.89,0.85,1.0,0.46,0.62,0.72,0.99,0.74,-0.0,0.97,0.87,0.45,0.79,0.9,0.95,0.77,0.81,0.83,0.83,0.01,0.93,0.14,-0.04,0.26,0.88
The Punisher,-0.74,-0.83,-0.12,-0.98,-0.53,-0.28,-0.98,-0.9,0.1,-1.0,-0.84,-0.47,-0.73,-0.9,-0.7,-0.54,0.15,-0.16,-0.35,0.63,-0.87,-0.27,-0.71,-0.88,0.2,-0.76,-0.95,-0.82,-0.91,-0.92,-0.81,0.17,-0.28,0.64,-0.84,-0.81,-0.57,0.95,-0.63,-0.97,-0.0,-0.16,-0.72,-0.76,0.01,-0.03,-0.5,-0.48,-0.39,-0.56,-0.9,-0.2,-0.96,-0.87,-0.97,-0.26
Winter Soldier,-0.74,-0.92,-0.13,-0.93,-0.55,-0.38,-0.63,-0.86,-0.22,-1.0,-0.85,-0.44,-0.25,-0.76,-0.69,-0.75,-0.17,0.11,-0.2,0.78,-0.94,-0.18,-0.6,-0.9,0.15,-0.77,-0.6,-0.88,-0.34,-0.95,-0.7,0.55,0.05,0.86,-0.81,-0.81,-0.65,0.96,-0.52,-0.87,0.16,-0.0,-0.69,-0.46,0.09,0.11,-0.35,-0.44,-0.47,-0.34,-0.92,-0.08,-0.93,-0.87,-0.91,-0.26
Wolverine,-0.4,-0.8,0.34,-0.53,-0.61,0.56,-0.89,-0.9,0.1,-0.99,-0.67,0.05,0.71,-0.64,-0.85,0.07,0.63,0.6,0.14,0.94,-0.53,0.16,-0.05,-0.71,0.78,-0.23,-0.13,-0.45,0.76,-0.87,-0.27,0.66,0.63,0.92,-0.41,-0.61,-0.02,0.98,0.15,-0.45,0.72,0.69,-0.0,-0.06,0.58,0.41,0.02,0.34,0.12,-0.23,-0.68,0.47,-0.81,-0.65,-0.83,0.06
Adam Warlock,-0.19,-0.53,0.57,-0.81,-0.15,0.22,-0.14,-0.45,0.41,-0.99,-0.49,0.05,0.57,-0.45,0.32,-0.14,0.45,0.65,0.32,0.92,-0.44,0.17,-0.03,-0.48,0.57,-0.28,-0.66,-0.37,-0.21,-0.52,-0.03,0.75,0.78,0.92,-0.5,-0.26,0.07,0.97,0.55,-0.79,0.76,0.46,0.06,-0.0,0.61,0.72,0.23,0.22,0.23,-0.13,-0.47,0.46,-0.62,-0.4,-0.6,0.58
Cloak & Dagger,-0.59,-0.86,-0.21,-0.96,-0.66,-0.39,-0.71,-0.85,-0.27,-1.0,-0.75,-0.49,-0.05,-0.73,-0.51,-0.56,-0.31,-0.19,-0.37,0.69,-0.8,-0.2,-0.54,-0.86,-0.24,-0.77,-0.77,-0.69,-0.61,-0.93,-0.46,0.01,0.24,0.72,-0.78,-0.78,-0.52,0.88,-0.46,-0.9,-0.01,-0.09,-0.58,-0.61,-0.0,0.02,-0.49,-0.51,-0.43,-0.49,-0.91,-0.26,-0.96,-0.88,-0.91,-0.12
Deadpool Strategist,-0.77,-0.85,0.15,-0.94,-0.68,-0.41,-0.79,-0.8,-0.31,-1.0,-0.76,-0.54,-0.15,-0.76,-0.63,-0.83,-0.29,-0.21,-0.29,0.62,-0.84,0.12,-0.61,-0.8,-0.45,-0.81,-0.87,-0.7,-0.76,-0.93,-0.35,0.1,0.23,0.63,-0.79,-0.87,-0.39,0.79,-0.57,-0.95,0.03,-0.11,-0.41,-0.72,-0.02,-0.0,-0.52,-0.51,-0.45,-0.55,-0.85,-0.18,-0.95,-0.9,-0.95,-0.05
Gambit,-0.16,-0.61,0.48,-0.83,-0.2,0.25,-0.15,-0.56,0.15,-0.99,-0.67,-0.1,0.41,-0.34,-0.12,-0.03,0.39,0.33,0.38,0.81,-0.42,0.31,-0.15,-0.54,0.3,-0.47,-0.5,-0.26,-0.15,-0.73,-0.12,0.48,0.53,0.85,-0.41,-0.45,0.1,0.95,-0.02,-0.77,0.5,0.35,-0.02,-0.23,0.49,0.52,-0.0,0.11,0.24,-0.04,-0.73,0.43,-0.79,-0.66,-0.82,0.38
Invisible Woman,-0.71,-0.75,0.2,-0.85,-0.19,0.12,-0.44,-0.74,0.12,-0.99,-0.58,-0.1,0.39,-0.48,-0.4,-0.27,0.34,0.42,0.07,0.86,-0.66,0.22,-0.21,-0.69,0.3,-0.4,-0.46,-0.53,-0.19,-0.84,-0.37,0.53,0.55,0.88,-0.51,-0.38,-0.36,0.96,-0.3,-0.81,0.48,0.44,-0.34,-0.22,0.51,0.51,-0.11,-0.0,-0.01,-0.09,-0.68,0.35,-0.89,-0.73,-0.87,0.33
Jeff The Land Shark,-0.42,-0.74,0.06,-0.83,-0.17,0.16,-0.63,-0.71,0.12,-1.0,-0.63,-0.06,0.5,-0.62,-0.21,-0.3,0.47,0.23,0.23,0.71,-0.57,0.28,-0.26,-0.57,0.21,-0.48,-0.72,-0.4,-0.32,-0.79,-0.34,0.56,0.56,0.91,-0.54,-0.51,-0.12,0.94,-0.19,-0.83,0.39,0.47,-0.12,-0.23,0.43,0.45,-0.24,0.01,-0.0,0.01,-0.73,0.44,-0.89,-0.75,-0.89,0.33
Jubilee,-0.25,-0.56,0.51,-0.72,-0.28,0.22,-0.21,-0.61,0.18,-0.99,-0.53,-0.06,0.35,-0.52,-0.11,-0.16,0.41,0.34,0.17,0.87,-0.62,0.24,-0.0,-0.63,0.18,-0.49,-0.65,-0.22,-0.18,-0.83,-0.17,0.49,0.58,0.89,-0.42,-0.5,0.04,0.96,0.07,-0.83,0.56,0.34,0.23,0.13,0.49,0.55,0.04,0.09,-0.01,-0.0,-0.61,0.43,-0.83,-0.71,-0.78,0.41
Loki,0.23,0.1,0.83,-0.39,0.44,0.74,0.49,-0.0,0.79,-0.98,0.17,0.65,0.87,0.23,0.46,0.51,0.84,0.87,0.89,0.98,0.13,0.84,0.5,-0.07,0.8,0.2,0.61,0.51,0.54,-0.31,0.32,0.98,0.89,0.96,0.29,0.23,0.62,0.99,0.35,-0.01,0.9,0.92,0.68,0.47,0.91,0.85,0.73,0.68,0.73,0.61,-0.0,0.81,-0.47,-0.04,-0.5,0.82
Luna Snow,-0.67,-0.9,-0.14,-0.95,-0.51,-0.2,-0.7,-0.8,-0.2,-1.0,-0.7,-0.44,0.31,-0.71,-0.61,-0.46,0.18,0.07,-0.17,0.68,-0.81,0.05,-0.5,-0.74,0.2,-0.67,-0.82,-0.59,-0.66,-0.91,-0.5,0.18,0.36,0.72,-0.69,-0.7,-0.4,0.93,-0.27,-0.93,0.2,0.08,-0.47,-0.46,0.26,0.18,-0.43,-0.35,-0.44,-0.43,-0.81,-0.0,-0.94,-0.85,-0.93,0.13
Mantis,0.67,0.14,0.94,-0.08,0.72,0.89,0.62,0.61,0.9,-0.98,0.64,0.82,0.93,0.63,0.75,0.92,0.97,0.92,0.87,0.99,0.54,0.89,0.77,0.35,0.95,0.75,0.61,0.45,0.83,0.11,0.8,0.96,0.97,0.98,0.61,0.43,0.85,0.99,0.72,-0.14,0.96,0.93,0.81,0.62,0.96,0.95,0.79,0.89,0.89,0.83,0.47,0.94,-0.0,0.45,-0.11,0.94
Rocket Raccoon,0.43,-0.1,0.83,-0.41,0.59,0.76,0.24,-0.1,0.81,-0.97,0.24,0.69,0.87,0.21,0.62,0.6,0.76,0.81,0.78,0.98,-0.01,0.86,0.56,0.01,0.89,0.3,0.26,0.23,0.64,-0.18,0.64,0.94,0.93,0.99,0.16,0.52,0.53,0.99,0.51,0.04,0.87,0.87,0.65,0.4,0.88,0.9,0.66,0.73,0.75,0.71,0.04,0.85,-0.45,-0.0,-0.38,0.83
Ultron,0.91,0.32,0.83,0.04,0.74,0.83,0.62,0.41,0.92,-0.97,0.5,0.73,0.92,0.57,0.66,0.7,0.01,0.94,0.85,0.99,-0.16,0.81,0.73,0.34,0.97,0.67,0.29,0.57,0.7,0.2,0.74,0.96,0.96,0.99,0.19,0.6,0.81,0.99,0.8,-0.26,0.97,0.91,0.83,0.6,0.91,0.95,0.82,0.87,0.89,0.78,0.5,0.93,0.11,0.38,-0.0,0.95
White Fox,-0.59,-0.89,-0.03,-0.92,-0.54,-0.07,-0.58,-0.84,-0.2,-0.99,-0.76,-0.48,0.13,-0.71,-0.74,-0.61,-0.52,0.24,0.05,0.72,-0.89,-0.34,-0.39,-0.76,0.2,-0.68,-0.81,-0.74,-0.48,-0.92,-0.24,0.24,0.5,0.79,-0.7,-0.68,-0.61,0.92,-0.35,-0.88,0.26,0.26,-0.06,-0.58,0.12,0.05,-0.38,-0.33,-0.33,-0.41,-0.82,-0.13,-0.94,-0.83,-0.95,-0.0
